relative_path	bytes	sha256	component	source_authority	source_relative_path_or_identity
.gitignore	146	8a4e367d3aff79759534ef1ff0323d22b7f16b50435d5886944e83a29544b97a	documentation	generated_from_accepted_authorities	generated_from_accepted_authorities
PUBLIC_SNAPSHOT_PROVENANCE.json	1298	c9691441f89eb002339963a1f5143b5f67caea9b996a7bc54194f306afd3cf49	provenance	generated_project_provenance	generated_project_provenance
PUBLIC_SNAPSHOT_SCOPE.md	713	792107c955494eaba2bad162c2eb867585a16430d49782796939e1b00edd7c6f	documentation	generated_from_accepted_authorities	generated_from_accepted_authorities
README.md	2175	386d9d563104253546850ae55d62a4aa05b66bdb87a623ece2f51eb7a1ee6126	documentation	generated_from_accepted_authorities	generated_from_accepted_authorities
deploy/MANIFEST_SHA256.tsv	2298	e866387dccac23154c3098c5595bb107a11e3b32aa1cd359402276ccc4da85ec	deploy	canonical_stage2_current_release	canonical_stage2_current_release
deploy/PROOF_BOUNDARY.md	383	4ce6139cb77b3969e9e2eb39e09e84430860bf315bcfb5d36ddac8a36b9c4ab0	deploy	canonical_stage2_current_release	canonical_stage2_current_release
deploy/QUICK_START.md	436	f27a0f2a6a62b1f45b02806b4f97e65e506992dd3ff4347ef9e07f1aea8b7bb5	deploy	canonical_stage2_current_release	canonical_stage2_current_release
deploy/README.md	909	d0bb2bbe22bbcd31127e7133cd3e05b3e9b434b753cf9d106a20560c78ce7340	deploy	canonical_stage2_current_release	canonical_stage2_current_release
deploy/RELEASE_NOTES.md	808	de2335f7bd8705e90df2e9d45aeecb58da54b86c0348ff9739bff310f8278475	deploy	canonical_stage2_current_release	canonical_stage2_current_release
deploy/SOURCE_PROVENANCE.json	8962	848973343f2ebbbebe98e9fb53c6c43dc0d8e6f740f6f80a18e47d217c99cdb6	deploy	canonical_stage2_current_release	canonical_stage2_current_release
deploy/VERSION.json	2009	db7e950e0722a7bfbcb09bc117dddc154c297038cb013a0b8322f9191331c36f	deploy	canonical_stage2_current_release	canonical_stage2_current_release
deploy/docs/recovery_safety.md	339	5ef104e57cf477d83076c9a535a3e3f2817297ea7d30551b20c1110800cd5c7a	deploy	canonical_stage2_current_release	canonical_stage2_current_release
deploy/docs/register_map.md	29740	34b185acae5e2c9f6dfc8e3a11252f3af1a6ac6e8e308edc96e9416603622ead	deploy	canonical_stage2_current_release	canonical_stage2_current_release
deploy/examples/read_only_status.py	1567	e3cf9cacd2f5bf32bdf56fab0b3e5752fab11485eac50c757fd95ca0bfdc3768	deploy	canonical_stage2_current_release	canonical_stage2_current_release
deploy/pynq/artifacts/protection_system.bit	4045685	b84478e51a2608e5f5818bfd79cc33f30bc16c02f1a136fe0aa99f2c54a022e0	deploy	canonical_stage2_current_release	canonical_stage2_current_release
deploy/pynq/artifacts/protection_system.hwh	465005	3daba403062492d5ab177cf3e0825782e0960c8cfad072eb09b8cb19fa5e61c1	deploy	canonical_stage2_current_release	canonical_stage2_current_release
deploy/pynq/artifacts/release_authority.json	2947	ef2d01c3595c43d72db9f7c198bf416895c7aca2aa96685c249e0714a27f094b	deploy	canonical_stage2_current_release	canonical_stage2_current_release
deploy/pynq/runtime/generated/protection_register_map.py	43433	3ae20e1428aabc76e9ac2f0aef100a61da190e753935df9735f4b276c5a11023	deploy	canonical_stage2_current_release	canonical_stage2_current_release
deploy/pynq/runtime/protection_ip_interface.py	17947	9bfb0a7d39ad67ab8f95eadc853c6da76e5ff76beba907647e209cb24e546ff9	deploy	canonical_stage2_current_release	canonical_stage2_current_release
deploy/pynq/runtime/stage2i_current_release.py	17491	68f9d958126638219a261d22ba5823afce6a7fc0c5bc9b8508db14ee55467e35	deploy	canonical_stage2_current_release	canonical_stage2_current_release
deploy/tools/verify_release.py	27412	a2112b7a25c388fa4eacc0e30139f911b2cb7e7d4d096b200d11b3ef3a620900	deploy	canonical_stage2_current_release	canonical_stage2_current_release
docs/architecture.md	662	77d09c7f0bdef04a02634becce5d97972f6d057e011dbba1cc0d39227eee9a9f	documentation	generated_from_accepted_authorities	generated_from_accepted_authorities
docs/clear_recovery_semantics.md	319	c4cbdfd1206d46d0cd08b66cc1007b10b3b7f1383bb3ca7fcf11bd0f147d0c7e	documentation	generated_from_accepted_authorities	generated_from_accepted_authorities
docs/proof_boundary.md	422	8de385343eabced69e06950e4e4b3c22b6964bdba12cd961209163388100320d	documentation	generated_from_accepted_authorities	generated_from_accepted_authorities
docs/pynq_deployment_guide.md	378	e138d46c793785f01755af39773389922fad494a161aceb48375b6cb7a3911de	documentation	generated_from_accepted_authorities	generated_from_accepted_authorities
docs/references.md	268	5408a4b4c77b9c118aefb84468c8c0400e0404125978d550b4605a7a3326f457	documentation	generated_from_accepted_authorities	generated_from_accepted_authorities
docs/safety_contract.md	422	a66593cf0d0e058e91512d79a41cf6061f99dea48107ca8e0d32f4da36e4313b	documentation	generated_from_accepted_authorities	generated_from_accepted_authorities
docs/simulation_guide.md	285	9fe484248095534d69298198bfc50f6026fa0ee3c6801264692a6421255bba27	documentation	generated_from_accepted_authorities	generated_from_accepted_authorities
docs/verification_status.md	612	9c289002b35e04097c9282dccf1462a5a2b3e5ea8a6cb8cb3f7304e46f1ce101	documentation	generated_from_accepted_authorities	generated_from_accepted_authorities
docs/vivado_build_guide.md	659	518a1e8eb912ba2d933f7cc10514faef4f2c159cabe332e3ce59459ae5a11f12	documentation	generated_from_accepted_authorities	generated_from_accepted_authorities
pynq/README.md	156	707f515496ade8ea9feb7960041195e82994671615305ecbde1c2c8f49845cc0	documentation	generated_from_accepted_authorities	generated_from_accepted_authorities
rtl/adc_sample_cdc_bridge.v	12812	bb8f8e47c78523d22381de583b70844a581736efdd8539fd189ca9b2b7ce263f	rtl	accepted_engineering_commit	rtl/adc_sample_cdc_bridge.v
rtl/adc_sample_code_normalizer.sv	6635	5acc809d3334a093532fe650842056f7486a8889dd18ba57777f3d39ba4892cb	rtl	accepted_engineering_commit	rtl/adc_sample_code_normalizer.sv
rtl/async_fifo_gray.v	5381	1851d4e8f78e8ff31cec85d0db3f64dbe0aef7c53cb5d8c916a7c6e9b46d483f	rtl	accepted_engineering_commit	rtl/async_fifo_gray.v
rtl/current_compare_dual.v	740	13a9a0afb99fd7ce16a942e77bb2980152d4fe1e96c6d4ef750d28fdd6928747	rtl	accepted_engineering_commit	rtl/current_compare_dual.v
rtl/fault_classifier.v	4807	0b4ee3936d1c7ca30b2ec96fe4d44196b908b903afb88d02cf8d7023fbcd8a7f	rtl	accepted_engineering_commit	rtl/fault_classifier.v
rtl/fault_defs.vh	241	1812a3e1310872bb8744cb5918845c5e37354cf0dd51724e4000f4ef95736a79	rtl	accepted_engineering_commit	rtl/fault_defs.vh
rtl/generated/protection_register_map.vh	34630	ebad567dbadb9f05186d9ec70377b3191df02db15ca64688b4a6d6e1803f407b	rtl	accepted_engineering_commit	rtl/generated/protection_register_map.vh
rtl/generated/stage2f_adc_source_profile.svh	1076	c7492809bb7606131327c755bf703aab4530399af023711076b62558433c8813	rtl	accepted_engineering_commit	rtl/generated/stage2f_adc_source_profile.svh
rtl/moving_avg_filter.v	1632	044b46d5d45575035b5cfce95ed04721ab744a4028c36fc1304e7d47d062f8f5	rtl	accepted_engineering_commit	rtl/moving_avg_filter.v
rtl/protection_core_top.v	14056	a5be0f5975d8e8819568e9f5d9f4009dbfe1de40fd06518d4e2d7d2e7eb1fcb1	rtl	accepted_engineering_commit	rtl/protection_core_top.v
rtl/protection_fsm.v	10006	92e814e306971e7382eb3299597bd35609f96dd1c2e3ed69ccfea560f293a9b4	rtl	accepted_engineering_commit	rtl/protection_fsm.v
rtl/protection_ip_top_async_adc_axi_lite.v	14675	ed14d384ddd4df95b5e966f1330fb81a468c3bcc898877f09d6064261535a553	rtl	accepted_engineering_commit	rtl/protection_ip_top_async_adc_axi_lite.v
rtl/protection_ip_top_axi_lite.v	18495	3d0d680bef323cebad936a823fce77539884681be5d555b4eefd17aa5046b83c	rtl	accepted_engineering_commit	rtl/protection_ip_top_axi_lite.v
rtl/protection_ip_top_reg_controlled.v	14217	1c6b1d5b797a766be93c56c6332927e1d873db27c82f5df65c57ee13f32257fa	rtl	accepted_engineering_commit	rtl/protection_ip_top_reg_controlled.v
rtl/protection_reg_bank.v	10334	feb3a50036e9db39fdd60c5ce1fd21f06b55278aa65ad039719dee0869ad6078	rtl	accepted_engineering_commit	rtl/protection_reg_bank.v
rtl/pwm_gate.v	210	565f969f5ac81300a9c5a4921bc4158b7a933489f54c54b6f28584bccdc80f68	rtl	accepted_engineering_commit	rtl/pwm_gate.v
rtl/pwm_gen.v	880	bad0663d768342e75decb32b6f5b70b96f1c85234662b7a13dd8151586dd0ecc	rtl	accepted_engineering_commit	rtl/pwm_gen.v
rtl/reset_release_sync.v	561	920b366e226a758df9fa9cb5db629246547d166c074e939e989a2b05e1a53a4b	rtl	accepted_engineering_commit	rtl/reset_release_sync.v
rtl/sensor_health_monitor.v	3085	97c86a96ac29996ddd90c0feafb882ba5f94565662d4218f7e244cc1154e19b6	rtl	accepted_engineering_commit	rtl/sensor_health_monitor.v
rtl/source_observability_cdc.v	7170	ea1553bbdff6da15194d9aa1d9ca44cfaeeeaf4e1895eedc8d74bfafcce6cc00	rtl	accepted_engineering_commit	rtl/source_observability_cdc.v
rtl/transaction_destination_observer.v	19753	7f64e3bb05f690ccce109f9ac0737049929bcc56b993cea70af679b00e7b7761	rtl	accepted_engineering_commit	rtl/transaction_destination_observer.v
rtl/transaction_source_observer.v	11783	2e36166dd8f9e222bcaedde66a53e785e99f162762750e2b55ce00aa8f67a3c9	rtl	accepted_engineering_commit	rtl/transaction_source_observer.v
sim/README_simulation.md	177	ed86dd2ddb1ea37b7d692889290335b75c9b193138997ec997641f9c80421760	documentation	generated_from_accepted_authorities	generated_from_accepted_authorities
sim/run_iverilog.sh	2842	1ae4e3568e0a2b3482ef1569d9ff3b4211d16774c66ba3917d9c152fad9ba7a0	simulation	accepted_engineering_commit	sim/run_iverilog.sh
spec/register_map.json	109433	f332da960169ff3ae261a26ff400a328370b26067fcb3b171e8f8bd80d6f0dfc	public_abi	accepted_engineering_commit	spec/register_map.json
spec/register_map.schema.json	21588	e3db874fe9f638c98054d288292dffd94378377f38456159b0deea25b56762a0	public_abi	accepted_engineering_commit	spec/register_map.schema.json
tb/generated/protection_register_map.svh	24470	e7eeb094db1015cb48c1f522353ce47646ace6e495bd9cb9bbd141ffeaa4a90a	testbench	accepted_engineering_commit	tb/generated/protection_register_map.svh
tb/tb_current_compare_dual.sv	1938	95b1a63232305198cd5d7a01932b050a87adb500015e62b6626a2062e3aa54b6	testbench	accepted_engineering_commit	tb/tb_current_compare_dual.sv
tb/tb_fault_classifier.sv	5060	b56b74ebfccdaddd483339b0b1906d143e60e3320dfd3e72e009984875468e12	testbench	accepted_engineering_commit	tb/tb_fault_classifier.sv
tb/tb_moving_avg_filter.sv	1061	153d29d3c9997c3bc07b28910cb9b63ac0512b6389440bf0c9f3f6e8270e9e20	testbench	accepted_engineering_commit	tb/tb_moving_avg_filter.sv
tb/tb_protection_core_top.sv	28277	222a712748c641fbc3a14619823af88b13805106133b460a9fefec3115a0d06e	testbench	accepted_engineering_commit	tb/tb_protection_core_top.sv
tb/tb_protection_fsm.sv	19201	e7ec42111f8377bc4fc827f61d5c83e8f9fceaabf50e01bbd6f26f5ad765825c	testbench	accepted_engineering_commit	tb/tb_protection_fsm.sv
tb/tb_protection_ip_top_axi_lite.sv	52320	6e014baf418263ffaaa8d51174ee47e6c814500769924533b2fd78d014ef25c4	testbench	accepted_engineering_commit	tb/tb_protection_ip_top_axi_lite.sv
tb/tb_protection_ip_top_reg_controlled.sv	26866	bf9271e3e94962d995665a18ac1d49dff1937645737047a30adc237b64c38aec	testbench	accepted_engineering_commit	tb/tb_protection_ip_top_reg_controlled.sv
tb/tb_protection_reg_bank.sv	9186	fc9f99649ecda0dbd7e4bc869dc85a311e2d6d2707b7fef267a359714adbf791	testbench	accepted_engineering_commit	tb/tb_protection_reg_bank.sv
tb/tb_pwm_gen.sv	2076	bd7ba37a20dff0f031ad0a83dd50f7f61224d8c805d17bd2f30acc792db41bf2	testbench	accepted_engineering_commit	tb/tb_pwm_gen.sv
tb/tb_sensor_health_monitor.sv	7075	29b0991d7842f12b9cd951d5da99eb02f2d1704fbf84c48ff48bb5dae8124835	testbench	accepted_engineering_commit	tb/tb_sensor_health_monitor.sv
tools/verify_public_snapshot.py	7301	2a37ee1c4a72506274742f8e28faca722c1bc3f232f6cd88bfaa61a9eb9de538	verification_tool	generated_snapshot_verifier	generated_snapshot_verifier
verification/artifact_sha256.tsv	308	4c245fbe841b8722b6037e383e557ac8612f30d54c3ad78339c25eafec85e9b5	verification	generated_from_canonical_release	generated_from_canonical_release
verification/rtl_source_inventory.tsv	2208	246acea3a5bf66db9a2c71eca499a645fd0375b321517781fb30f3801356e02f	verification	generated_from_accepted_engineering_commit	generated_from_accepted_engineering_commit
verification/simulation_summary.md	232	9e002fb02b95e535dfaa900f41523f81e0a0bbcf931e0ecebbe827ba775b57fd	documentation	generated_from_accepted_authorities	generated_from_accepted_authorities
verification/stage2_status.md	274	166fde6bd8a8de4dc0b74e8f479dc931de88f5c9e6364fafa06ef3a85782687a	documentation	generated_from_accepted_authorities	generated_from_accepted_authorities
vivado/README.md	404	2b548876223dce7b261ef4b8047913c7db337e7a22e0bda913d23c2d95df1b80	documentation	generated_from_accepted_authorities	generated_from_accepted_authorities
vivado/bd/README.md	178	cab0b5ad6bd68e585da9ba6fe9c1d3f05277b4232d7f1b23d4ba1d4a9e3fe719	documentation	generated_from_accepted_authorities	generated_from_accepted_authorities
vivado/constraints/stage2d_async_adc_atomic_cdc.xdc	8022	95df163a52fa246fcef598cc86262df6e798b87ce8a69908f11aa4eb4e894bf5	vivado	accepted_engineering_commit	fpga/vivado/constraints/stage2d_async_adc_atomic_cdc.xdc
vivado/constraints/stage2e_transaction_observability_cdc.xdc	19945	69f226233c677be6eea1cd7fc4a692bfada093525e6613e362f880d2e4d335e7	vivado	accepted_engineering_commit	fpga/vivado/constraints/stage2e_transaction_observability_cdc.xdc
vivado/ip/README.md	166	546efa215440ded804c71ff59df07015e8f235ed56dd55777bac69b1d782d7c1	documentation	generated_from_accepted_authorities	generated_from_accepted_authorities
vivado/tcl/add_pynq_z2_stage1d_controlled_stimulus.tcl	11848	e1053243753aeaa5f56a7ddbb2fe98d1e8cc24565b84f804362c10dd0e1de16b	vivado	accepted_engineering_commit	fpga/vivado/add_pynq_z2_stage1d_controlled_stimulus.tcl
vivado/tcl/add_pynq_z2_stage2b_debug.tcl	10027	8a82a62f91ebe95ebd52121d1dade86a08dff06b3da42b5a36a96ce1f729b773	vivado	accepted_engineering_commit	fpga/vivado/add_pynq_z2_stage2b_debug.tcl
vivado/tcl/create_pynq_z2_project_preboard.tcl	3205	f507e031e8101446aeea7797e298c76acf70f9bf8604cf1f5cfa14cb15b12bc7	vivado	accepted_engineering_commit	fpga/vivado/create_pynq_z2_project_preboard.tcl
vivado/tcl/create_pynq_z2_project_stage1_boardpart.tcl	5293	62683cbc363a6d98039faf8ab7e1d53c3d1ced633f69d7ace4833a991fe8008b	vivado	accepted_engineering_commit	fpga/vivado/create_pynq_z2_project_stage1_boardpart.tcl
vivado/tcl/create_pynq_z2_stage2_bd.tcl	14375	5cf5f447891babb22313268aa87a21c4b81b90acc814d52036ed37e1cb2a751b	vivado	accepted_engineering_commit	fpga/vivado/create_pynq_z2_stage2_bd.tcl
vivado/tcl/generated/protection_register_map_ipxact.tcl	61980	78849bcddee82f698ac6acb7d7424dff6bc5ff719e8df87ee2f4ddae80d0669b	vivado	accepted_engineering_commit	fpga/vivado/generated/protection_register_map_ipxact.tcl
vivado/tcl/package_protection_ip_stage2_axi_lite.tcl	15859	278afc1b5f8e81b40131ffd6c131e664a394712e076dedd264d453d9edc00406	vivado	accepted_engineering_commit	fpga/vivado/package_protection_ip_stage2_axi_lite.tcl
