source_relative_path	public_relative_path	bytes	sha256	module_names
rtl/current_compare_dual.v	rtl/current_compare_dual.v	740	13a9a0afb99fd7ce16a942e77bb2980152d4fe1e96c6d4ef750d28fdd6928747	current_compare_dual
rtl/fault_classifier.v	rtl/fault_classifier.v	1322	ff02daa7635130c7b86e75f4eaeeba111509e922f97040afb7c6b8cc7388c678	fault_classifier
rtl/fault_defs.vh	rtl/fault_defs.vh	384	bd54c73dce491dcdf2ede48dd25503dca850d8aa29770d08414d5c82a171a075	-
rtl/moving_avg_filter.v	rtl/moving_avg_filter.v	1632	044b46d5d45575035b5cfce95ed04721ab744a4028c36fc1304e7d47d062f8f5	moving_avg_filter
rtl/protection_core_top.v	rtl/protection_core_top.v	2855	f69d849e99750e096e679e2ffd7c7a8cf5f8431968733b98830f1695b59b0fd5	protection_core_top
rtl/protection_fsm.v	rtl/protection_fsm.v	2616	a6494fa6d56a3d40e0423dab3f15d107f8303f5ae83d1f4f3657071a63af5ef7	protection_fsm
rtl/protection_ip_top_axi_lite.v	rtl/protection_ip_top_axi_lite.v	7296	2d496e5a5a337074e9f388dc558a14e0bf5d82e9e28b44f003047bd95df364c8	protection_ip_top_axi_lite
rtl/protection_ip_top_reg_controlled.v	rtl/protection_ip_top_reg_controlled.v	3355	6a15139dbe342441bdf0534cfd60f7f7f9ab0908a27735811f9a2ea129a70e3a	protection_ip_top_reg_controlled
rtl/protection_reg_bank.v	rtl/protection_reg_bank.v	2837	ef77cfd34faadca5a72c65c429c6742da2402dee2725313f20cdfb8ff395d45c	protection_reg_bank
rtl/pwm_gate.v	rtl/pwm_gate.v	210	565f969f5ac81300a9c5a4921bc4158b7a933489f54c54b6f28584bccdc80f68	pwm_gate
rtl/pwm_gen.v	rtl/pwm_gen.v	880	bad0663d768342e75decb32b6f5b70b96f1c85234662b7a13dd8151586dd0ecc	pwm_gen
rtl/sensor_health_monitor.v	rtl/sensor_health_monitor.v	2295	39598410bd7a52c7cb50cca8c2ff1a9173e326823218092a68e22cb9f59a0ad1	sensor_health_monitor
