violation	severity	object_type	object
PDCN-1569#1	Warning	cells	dbg_hub/inst/BSCANID.u_xsdbm_id/SWITCH_N_EXT_BSCAN.bscan_switch/temp_curid[31]_i_1
PDCN-1569#1	Warning	pins	dbg_hub/inst/BSCANID.u_xsdbm_id/SWITCH_N_EXT_BSCAN.bscan_switch/temp_curid[31]_i_1/I1
PDCN-1569#2	Warning	cells	dbg_hub/inst/BSCANID.u_xsdbm_id/SWITCH_N_EXT_BSCAN.bscan_switch/temp_curid[31]_i_1
PDCN-1569#2	Warning	pins	dbg_hub/inst/BSCANID.u_xsdbm_id/SWITCH_N_EXT_BSCAN.bscan_switch/temp_curid[31]_i_1/I0
PDCN-1569#3	Warning	cells	dbg_hub/inst/BSCANID.u_xsdbm_id/SWITCH_N_EXT_BSCAN.id_state[0]_i_1
PDCN-1569#3	Warning	pins	dbg_hub/inst/BSCANID.u_xsdbm_id/SWITCH_N_EXT_BSCAN.id_state[0]_i_1/I0
RTSTAT-10#1	Warning	nets	dbg_hub/inst/BSCANID.u_xsdbm_id/SWITCH_N_EXT_BSCAN.bscan_inst/TMS
RTSTAT-10#1	Warning	nets	dbg_hub/inst/BSCANID.u_xsdbm_id/SWITCH_N_EXT_BSCAN.bscan_switch/m_bscan_capture[0]
RTSTAT-10#1	Warning	nets	dbg_hub/inst/BSCANID.u_xsdbm_id/SWITCH_N_EXT_BSCAN.bscan_switch/m_bscan_runtest[0]
RTSTAT-10#1	Warning	nets	dbg_hub/inst/BSCANID.u_xsdbm_id/SWITCH_N_EXT_BSCAN.bscan_switch/m_bscan_drck[0]
RTSTAT-10#1	Warning	nets	dbg_hub/inst/BSCANID.u_xsdbm_id/CORE_XSDB.UUT_MASTER/U_ICON_INTERFACE/U_CMD6_WR/U_WR_FIFO/SUBCORE_FIFO.xsdbm_v3_0_2_wrfifo_inst/inst_fifo_gen/gconvfifo.rf/grf.rf/gntv_or_sync_fifo.gl0.rd/grhf.rhf/underflow
RTSTAT-10#1	Warning	nets	dbg_hub/inst/BSCANID.u_xsdbm_id/CORE_XSDB.UUT_MASTER/U_ICON_INTERFACE/U_CMD6_WR/U_WR_FIFO/SUBCORE_FIFO.xsdbm_v3_0_2_wrfifo_inst/inst_fifo_gen/gconvfifo.rf/grf.rf/rstblk/ngwrdrst.grst.wr_rst_reg[2]
RTSTAT-10#1	Warning	nets	dbg_hub/inst/BSCANID.u_xsdbm_id/CORE_XSDB.UUT_MASTER/U_ICON_INTERFACE/U_CMD6_WR/U_WR_FIFO/SUBCORE_FIFO.xsdbm_v3_0_2_wrfifo_inst/inst_fifo_gen/gconvfifo.rf/grf.rf/rstblk/ngwrdrst.grst.rd_rst_reg[0]
RTSTAT-10#1	Warning	nets	dbg_hub/inst/BSCANID.u_xsdbm_id/CORE_XSDB.UUT_MASTER/U_ICON_INTERFACE/U_CMD6_WR/U_WR_FIFO/SUBCORE_FIFO.xsdbm_v3_0_2_wrfifo_inst/inst_fifo_gen/gconvfifo.rf/grf.rf/gntv_or_sync_fifo.gl0.wr/gwhf.whf/overflow
RTSTAT-10#1	Warning	nets	dbg_hub/inst/BSCANID.u_xsdbm_id/CORE_XSDB.UUT_MASTER/U_ICON_INTERFACE/U_CMD6_WR/U_WR_FIFO/SUBCORE_FIFO.xsdbm_v3_0_2_wrfifo_inst/inst_fifo_gen/gconvfifo.rf/grf.rf/gntv_or_sync_fifo.gl0.wr/gwas.wsts/ram_full_i
RTSTAT-10#1	Warning	nets	dbg_hub/inst/BSCANID.u_xsdbm_id/CORE_XSDB.UUT_MASTER/U_ICON_INTERFACE/U_CMD1/ctl_reg_en_2[1]
RTSTAT-10#1	Warning	nets	dbg_hub/inst/BSCANID.u_xsdbm_id/CORE_XSDB.UUT_MASTER/U_ICON_INTERFACE/U_CMD6_RD/U_RD_FIFO/SUBCORE_FIFO.xsdbm_v3_0_2_rdfifo_inst/inst_fifo_gen/gconvfifo.rf/grf.rf/rstblk/ngwrdrst.grst.wr_rst_reg[2]
RTSTAT-10#1	Warning	nets	dbg_hub/inst/BSCANID.u_xsdbm_id/CORE_XSDB.UUT_MASTER/U_ICON_INTERFACE/U_CMD7_CTL/ctl_reg[1]
RTSTAT-10#1	Warning	nets	dbg_hub/inst/BSCANID.u_xsdbm_id/CORE_XSDB.UUT_MASTER/U_ICON_INTERFACE/U_CMD7_CTL/ctl_reg[0]
RTSTAT-10#1	Warning	nets	dbg_hub/inst/BSCANID.u_xsdbm_id/CORE_XSDB.UUT_MASTER/U_ICON_INTERFACE/U_CMD7_CTL/ctl_reg_en_2[1]
RTSTAT-10#1	Warning	nets	dbg_hub/inst/BSCANID.u_xsdbm_id/CORE_XSDB.UUT_MASTER/U_ICON_INTERFACE/U_CMD7_CTL/ctl_reg[2]
RTSTAT-10#1	Warning	nets	dbg_hub/inst/BSCANID.u_xsdbm_id/CORE_XSDB.UUT_MASTER/U_ICON_INTERFACE/U_CMD6_RD/U_RD_FIFO/SUBCORE_FIFO.xsdbm_v3_0_2_rdfifo_inst/inst_fifo_gen/gconvfifo.rf/grf.rf/gntv_or_sync_fifo.gl0.wr/gwhf.whf/overflow
RTSTAT-10#1	Warning	nets	dbg_hub/inst/BSCANID.u_xsdbm_id/CORE_XSDB.UUT_MASTER/U_ICON_INTERFACE/U_CMD6_RD/U_RD_FIFO/SUBCORE_FIFO.xsdbm_v3_0_2_rdfifo_inst/inst_fifo_gen/gconvfifo.rf/grf.rf/gntv_or_sync_fifo.gl0.rd/gr1.gr1_int.rfwft/aempty_fwft_i
RTSTAT-10#1	Warning	nets	dbg_hub/inst/BSCANID.u_xsdbm_id/CORE_XSDB.UUT_MASTER/U_ICON_INTERFACE/U_CMD6_RD/U_RD_FIFO/SUBCORE_FIFO.xsdbm_v3_0_2_rdfifo_inst/inst_fifo_gen/gconvfifo.rf/grf.rf/gntv_or_sync_fifo.gl0.rd/grhf.rhf/underflow
RTSTAT-10#1	Warning	nets	dbg_hub/inst/BSCANID.u_xsdbm_id/CORE_XSDB.UUT_MASTER/U_ICON_INTERFACE/U_CMD6_RD/U_RD_FIFO/SUBCORE_FIFO.xsdbm_v3_0_2_rdfifo_inst/inst_fifo_gen/gconvfifo.rf/grf.rf/gntv_or_sync_fifo.gl0.rd/gras.rsts/ram_empty_i
RTSTAT-10#1	Warning	nets	protection_system_i/protection_ip_axi_lite_0/inst/normalized_sample_valid
RTSTAT-10#1	Warning	nets	protection_system_i/protection_ip_axi_lite_0/inst/normalized_width_supported
RTSTAT-10#1	Warning	nets	protection_system_i/protection_ip_axi_lite_0/inst/normalized_profile_configured
RTSTAT-10#1	Warning	nets	protection_system_i/protection_ip_axi_lite_0/inst/normalized_profile_valid
RTSTAT-10#1	Warning	nets	protection_system_i/protection_ip_axi_lite_0/inst/normalized_sample_ch1[1]
RTSTAT-10#1	Warning	nets	protection_system_i/protection_ip_axi_lite_0/inst/normalized_sample_ch1[11]
RTSTAT-10#1	Warning	nets	protection_system_i/protection_ip_axi_lite_0/inst/normalized_sample_sequence[6]
RTSTAT-10#1	Warning	nets	protection_system_i/protection_ip_axi_lite_0/inst/normalized_sample_ch2[5]
RTSTAT-10#1	Warning	nets	protection_system_i/protection_ip_axi_lite_0/inst/normalized_sample_sequence[16]
RTSTAT-10#1	Warning	nets	protection_system_i/protection_ip_axi_lite_0/inst/normalized_sample_sequence[17]
RTSTAT-10#1	Warning	nets	protection_system_i/protection_ip_axi_lite_0/inst/normalized_sample_sequence[18]
RTSTAT-10#1	Warning	nets	protection_system_i/protection_ip_axi_lite_0/inst/normalized_sample_sequence[19]
RTSTAT-10#1	Warning	nets	protection_system_i/protection_ip_axi_lite_0/inst/normalized_sample_sequence[20]
RTSTAT-10#1	Warning	nets	protection_system_i/protection_ip_axi_lite_0/inst/normalized_sample_ch1[12]
RTSTAT-10#1	Warning	nets	protection_system_i/protection_ip_axi_lite_0/inst/normalized_sample_ch2[2]
RTSTAT-10#1	Warning	nets	protection_system_i/protection_ip_axi_lite_0/inst/normalized_sample_ch1[7]
RTSTAT-10#1	Warning	nets	protection_system_i/protection_ip_axi_lite_0/inst/normalized_sample_ch2[3]
RTSTAT-10#1	Warning	nets	protection_system_i/protection_ip_axi_lite_0/inst/normalized_sample_ch2[6]
RTSTAT-10#1	Warning	nets	protection_system_i/protection_ip_axi_lite_0/inst/normalized_sample_ch1[6]
RTSTAT-10#1	Warning	nets	protection_system_i/protection_ip_axi_lite_0/inst/normalized_sample_ch1[2]
RTSTAT-10#1	Warning	nets	protection_system_i/protection_ip_axi_lite_0/inst/normalized_sample_ch1[3]
RTSTAT-10#1	Warning	nets	protection_system_i/protection_ip_axi_lite_0/inst/normalized_sample_ch2[1]
RTSTAT-10#1	Warning	nets	protection_system_i/protection_ip_axi_lite_0/inst/normalized_sample_ch2[7]
RTSTAT-10#1	Warning	nets	protection_system_i/protection_ip_axi_lite_0/inst/normalized_sample_ch2[0]
RTSTAT-10#1	Warning	nets	protection_system_i/protection_ip_axi_lite_0/inst/normalized_sample_ch2[11]
RTSTAT-10#1	Warning	nets	protection_system_i/protection_ip_axi_lite_0/inst/normalized_sample_sequence[1]
RTSTAT-10#1	Warning	nets	protection_system_i/protection_ip_axi_lite_0/inst/normalized_sample_sequence[2]
RTSTAT-10#1	Warning	nets	protection_system_i/protection_ip_axi_lite_0/inst/normalized_sample_ch2[4]
RTSTAT-10#1	Warning	nets	protection_system_i/protection_ip_axi_lite_0/inst/normalized_sample_sequence[10]
RTSTAT-10#1	Warning	nets	protection_system_i/protection_ip_axi_lite_0/inst/normalized_sample_sequence[7]
RTSTAT-10#1	Warning	nets	protection_system_i/protection_ip_axi_lite_0/inst/normalized_sample_sequence[8]
RTSTAT-10#1	Warning	nets	protection_system_i/protection_ip_axi_lite_0/inst/normalized_sample_ch1[10]
RTSTAT-10#1	Warning	nets	protection_system_i/protection_ip_axi_lite_0/inst/normalized_sample_ch1[5]
RTSTAT-10#1	Warning	nets	protection_system_i/protection_ip_axi_lite_0/inst/normalized_sample_ch2[8]
RTSTAT-10#1	Warning	nets	protection_system_i/protection_ip_axi_lite_0/inst/normalized_sample_sequence[4]
RTSTAT-10#1	Warning	nets	protection_system_i/protection_ip_axi_lite_0/inst/normalized_sample_sequence[5]
RTSTAT-10#1	Warning	nets	protection_system_i/protection_ip_axi_lite_0/inst/normalized_sample_sequence[13]
RTSTAT-10#1	Warning	nets	protection_system_i/protection_ip_axi_lite_0/inst/normalized_sample_sequence[15]
RTSTAT-10#1	Warning	nets	protection_system_i/protection_ip_axi_lite_0/inst/normalized_sample_sequence[21]
RTSTAT-10#1	Warning	nets	protection_system_i/protection_ip_axi_lite_0/inst/normalized_sample_ch1[4]
RTSTAT-10#1	Warning	nets	protection_system_i/protection_ip_axi_lite_0/inst/normalized_sample_ch1[8]
RTSTAT-10#1	Warning	nets	protection_system_i/protection_ip_axi_lite_0/inst/normalized_sample_sequence[3]
RTSTAT-10#1	Warning	nets	protection_system_i/protection_ip_axi_lite_0/inst/normalized_sample_sequence[22]
RTSTAT-10#1	Warning	nets	protection_system_i/protection_ip_axi_lite_0/inst/normalized_sample_sequence[23]
RTSTAT-10#1	Warning	nets	protection_system_i/protection_ip_axi_lite_0/inst/normalized_sample_sequence[0]
RTSTAT-10#1	Warning	nets	protection_system_i/protection_ip_axi_lite_0/inst/normalized_sample_ch2[9]
RTSTAT-10#1	Warning	nets	protection_system_i/protection_ip_axi_lite_0/inst/normalized_sample_sequence[11]
RTSTAT-10#1	Warning	nets	protection_system_i/protection_ip_axi_lite_0/inst/normalized_sample_sequence[24]
RTSTAT-10#1	Warning	nets	protection_system_i/protection_ip_axi_lite_0/inst/normalized_sample_ch2[12]
RTSTAT-10#1	Warning	nets	protection_system_i/protection_ip_axi_lite_0/inst/normalized_sample_ch1[0]
RTSTAT-10#1	Warning	nets	protection_system_i/protection_ip_axi_lite_0/inst/normalized_sample_ch1[9]
RTSTAT-10#1	Warning	nets	protection_system_i/protection_ip_axi_lite_0/inst/normalized_sample_ch2[10]
RTSTAT-10#1	Warning	nets	protection_system_i/protection_ip_axi_lite_0/inst/normalized_sample_sequence[12]
RTSTAT-10#1	Warning	nets	protection_system_i/protection_ip_axi_lite_0/inst/normalized_sample_sequence[14]
RTSTAT-10#1	Warning	nets	protection_system_i/protection_ip_axi_lite_0/inst/normalized_sample_sequence[9]
RTSTAT-10#1	Warning	nets	protection_system_i/protection_ip_axi_lite_0/inst/normalized_sample_sequence[30]
RTSTAT-10#1	Warning	nets	protection_system_i/protection_ip_axi_lite_0/inst/normalized_sample_sequence[25]
RTSTAT-10#1	Warning	nets	protection_system_i/protection_ip_axi_lite_0/inst/normalized_sample_sequence[31]
RTSTAT-10#1	Warning	nets	protection_system_i/protection_ip_axi_lite_0/inst/normalized_sample_sequence[26]
RTSTAT-10#1	Warning	nets	protection_system_i/protection_ip_axi_lite_0/inst/normalized_sample_sequence[29]
RTSTAT-10#1	Warning	nets	protection_system_i/protection_ip_axi_lite_0/inst/normalized_sample_sequence[27]
RTSTAT-10#1	Warning	nets	protection_system_i/protection_ip_axi_lite_0/inst/normalized_sample_sequence[28]
RTSTAT-10#1	Warning	nets	protection_system_i/smartconnect_0/inst/m00_nodes/m00_ar_node/inst/mi_handler_m_sc_areset_pipe
RTSTAT-10#1	Warning	nets	protection_system_i/smartconnect_0/inst/m00_nodes/m00_aw_node/inst/mi_handler_m_sc_areset_pipe
RTSTAT-10#1	Warning	nets	protection_system_i/smartconnect_0/inst/m00_nodes/m00_b_node/inst/mi_handler_m_sc_areset_pipe
RTSTAT-10#1	Warning	nets	protection_system_i/smartconnect_0/inst/m00_nodes/m00_r_node/inst/mi_handler_m_sc_areset_pipe
RTSTAT-10#1	Warning	nets	protection_system_i/smartconnect_0/inst/m00_nodes/m00_w_node/inst/mi_handler_m_sc_areset_pipe
RTSTAT-10#1	Warning	nets	protection_system_i/smartconnect_0/inst/m01_nodes/m01_ar_node/inst/mi_handler_m_sc_areset_pipe
RTSTAT-10#1	Warning	nets	protection_system_i/smartconnect_0/inst/m01_nodes/m01_aw_node/inst/mi_handler_m_sc_areset_pipe
RTSTAT-10#1	Warning	nets	protection_system_i/smartconnect_0/inst/m01_nodes/m01_b_node/inst/mi_handler_m_sc_areset_pipe
RTSTAT-10#1	Warning	nets	protection_system_i/smartconnect_0/inst/m01_nodes/m01_r_node/inst/mi_handler_m_sc_areset_pipe
RTSTAT-10#1	Warning	nets	protection_system_i/smartconnect_0/inst/m01_nodes/m01_w_node/inst/mi_handler_m_sc_areset_pipe
RTSTAT-10#1	Warning	nets	protection_system_i/smartconnect_0/inst/s00_nodes/s00_ar_node/inst/mi_handler_m_sc_areset_pipe
RTSTAT-10#1	Warning	nets	protection_system_i/smartconnect_0/inst/s00_nodes/s00_aw_node/inst/mi_handler_m_sc_areset_pipe
RTSTAT-10#1	Warning	nets	protection_system_i/smartconnect_0/inst/s00_nodes/s00_b_node/inst/mi_handler_m_sc_areset_pipe
RTSTAT-10#1	Warning	nets	protection_system_i/smartconnect_0/inst/s00_nodes/s00_r_node/inst/mi_handler_m_sc_areset_pipe
RTSTAT-10#1	Warning	nets	protection_system_i/smartconnect_0/inst/s00_nodes/s00_w_node/inst/mi_handler_m_sc_areset_pipe
RTSTAT-10#1	Warning	nets	protection_system_i/system_ila_stage2b_0/inst/ila_lib/inst/ila_core_inst/u_ila_regs/U_XSDB_SLAVE/s_daddr_o[13]
RTSTAT-10#1	Warning	nets	protection_system_i/system_ila_stage2b_0/inst/ila_lib/inst/ila_core_inst/u_ila_regs/U_XSDB_SLAVE/s_daddr_o[14]
RTSTAT-10#1	Warning	nets	protection_system_i/system_ila_stage2b_0/inst/ila_lib/inst/ila_core_inst/u_ila_regs/U_XSDB_SLAVE/s_daddr_o[15]
RTSTAT-10#1	Warning	nets	protection_system_i/system_ila_stage2b_0/inst/ila_lib/inst/ila_core_inst/u_ila_regs/U_XSDB_SLAVE/s_daddr_o[16]
RTSTAT-10#1	Warning	nets	protection_system_i/system_ila_stage2b_0/inst/ila_lib/inst/trig_out_ack_reg
RTSTAT-10#1	Warning	nets	protection_system_i/system_ila_stage2b_0/inst/ila_lib/inst/trig_in_reg
RTSTAT-10#1	Warning	nets	protection_system_i/system_ila_stage2i_b2_source_0/inst/ila_lib/inst/ila_core_inst/u_ila_regs/U_XSDB_SLAVE/s_daddr_o[16]
RTSTAT-10#1	Warning	nets	protection_system_i/system_ila_stage2i_b2_source_0/inst/ila_lib/inst/ila_core_inst/u_ila_regs/U_XSDB_SLAVE/s_daddr_o[15]
RTSTAT-10#1	Warning	nets	protection_system_i/system_ila_stage2i_b2_source_0/inst/ila_lib/inst/ila_core_inst/u_ila_regs/U_XSDB_SLAVE/s_daddr_o[13]
RTSTAT-10#1	Warning	nets	protection_system_i/system_ila_stage2i_b2_source_0/inst/ila_lib/inst/ila_core_inst/u_ila_regs/U_XSDB_SLAVE/s_daddr_o[14]
RTSTAT-10#1	Warning	nets	protection_system_i/system_ila_stage2i_b2_source_0/inst/ila_lib/inst/trig_out_ack_reg
RTSTAT-10#1	Warning	nets	protection_system_i/system_ila_stage2i_b2_source_0/inst/ila_lib/inst/trig_in_reg
