field	value
implementation_profile	READY_AWARE_SYNTHETIC_DIGITAL_STIMULUS
core_role	source
capture_mode	source_accept
execution_id	S1E-B2-BOARD-20260909-R4
bit_path	artifacts/protection_system.bit
ltx_path	artifacts/protection_system.ltx
device_part	xc7z020
ila_cell_name	protection_system_i/system_ila_stage2i_b2_source_0/inst/ila_lib
ila_logical_probe_count	8
probe_csv_radix	BINARY
fpga_programming_calls	0
device_reset_calls	0
automatic_retries	0
ila_data_depth	4096
ila_trigger_position	2048
