relative_path	bytes	sha256	component	source_authority
PROOF_BOUNDARY.md	383	4ce6139cb77b3969e9e2eb39e09e84430860bf315bcfb5d36ddac8a36b9c4ab0	documentation	engineering_main_git
QUICK_START.md	436	f27a0f2a6a62b1f45b02806b4f97e65e506992dd3ff4347ef9e07f1aea8b7bb5	documentation	engineering_main_git
README.md	909	d0bb2bbe22bbcd31127e7133cd3e05b3e9b434b753cf9d106a20560c78ce7340	documentation	engineering_main_git
RELEASE_NOTES.md	808	de2335f7bd8705e90df2e9d45aeecb58da54b86c0348ff9739bff310f8278475	documentation	engineering_main_git
SOURCE_PROVENANCE.json	8962	848973343f2ebbbebe98e9fb53c6c43dc0d8e6f740f6f80a18e47d217c99cdb6	source_provenance	builder_generated
VERSION.json	2009	db7e950e0722a7bfbcb09bc117dddc154c297038cb013a0b8322f9191331c36f	release_identity	builder_generated
docs/recovery_safety.md	339	5ef104e57cf477d83076c9a535a3e3f2817297ea7d30551b20c1110800cd5c7a	documentation	engineering_main_git
docs/register_map.md	29740	34b185acae5e2c9f6dfc8e3a11252f3af1a6ac6e8e308edc96e9416603622ead	interface_documentation	engineering_main_git
examples/read_only_status.py	1567	e3cf9cacd2f5bf32bdf56fab0b3e5752fab11485eac50c757fd95ca0bfdc3768	release_tool	engineering_main_git
pynq/artifacts/protection_system.bit	4045685	b84478e51a2608e5f5818bfd79cc33f30bc16c02f1a136fe0aa99f2c54a022e0	stage2i_b1_bit	external_stage2i_physical_authority
pynq/artifacts/protection_system.hwh	465005	3daba403062492d5ab177cf3e0825782e0960c8cfad072eb09b8cb19fa5e61c1	stage2i_b1_hwh	external_stage2i_physical_authority
pynq/artifacts/release_authority.json	2947	ef2d01c3595c43d72db9f7c198bf416895c7aca2aa96685c249e0714a27f094b	release_authority	external_stage2i_physical_authority_and_engineering_main
pynq/runtime/generated/protection_register_map.py	43433	3ae20e1428aabc76e9ac2f0aef100a61da190e753935df9735f4b276c5a11023	current_runtime_software	engineering_main_git
pynq/runtime/protection_ip_interface.py	17947	9bfb0a7d39ad67ab8f95eadc853c6da76e5ff76beba907647e209cb24e546ff9	current_runtime_software	engineering_main_git
pynq/runtime/stage2i_current_release.py	17491	68f9d958126638219a261d22ba5823afce6a7fc0c5bc9b8508db14ee55467e35	current_runtime_software	engineering_main_git
tools/verify_release.py	27412	a2112b7a25c388fa4eacc0e30139f911b2cb7e7d4d096b200d11b3ef3a620900	release_self_verifier	engineering_main_git
