scope	property	value
ila	CONTROL.DATA_DEPTH	4096
ila	CONTROL.TRIGGER_POSITION	2048
ila	CONTROL.WINDOW_COUNT	1
ila	CONTROL.CAPTURE_MODE	ALWAYS
ila	CONTROL.TRIGGER_MODE	BASIC_ONLY
ila	CONTROL.TRIGGER_CONDITION	AND
request	mode	destination_fault_latched
target	frequency_hz	1000000
probe0	TRIGGER_COMPARE_VALUE	eq1'bX
probe1	TRIGGER_COMPARE_VALUE	eq1'bX
probe2	TRIGGER_COMPARE_VALUE	eq1'bX
probe3	TRIGGER_COMPARE_VALUE	eq1'bX
probe4	TRIGGER_COMPARE_VALUE	eq1'b1
probe5	TRIGGER_COMPARE_VALUE	eq8'bxxxxxxxx
probe6	TRIGGER_COMPARE_VALUE	eq8'bxxxxxxxx
probe7	TRIGGER_COMPARE_VALUE	eq4'bxxxx
