kind	role	canonical_path	bytes	sha256	implementation_profile	execution_id	source_commit	source_tree	project_identity	design_identity
artifact	BITSTREAM	<EXTERNAL_BUILD>/v/artifacts/protection_system.bit	4045685	9c8ab36935174f93b07e0add2bb0b9076eb0f17b5d902cc307d62ba0f0017fc0	READY_AWARE_SYNTHETIC_DIGITAL_STIMULUS	CSIP-V2R3-BUILD-001	fb81a9a004bdcb900e5b678d8a424403aeafb602	8d46707a9670c170dbc08655269bd8ff635bed12	s1e_00879719d793	protection_system
artifact	XSA	<EXTERNAL_BUILD>/v/artifacts/protection_system.xsa	857420	5aba6dae3fb22bbe1c3a4c1cbc8380292ebebdf2452bb8054b22ada34deccbc5	READY_AWARE_SYNTHETIC_DIGITAL_STIMULUS	CSIP-V2R3-BUILD-001	fb81a9a004bdcb900e5b678d8a424403aeafb602	8d46707a9670c170dbc08655269bd8ff635bed12	s1e_00879719d793	protection_system
artifact	HWH	<EXTERNAL_BUILD>/v/artifacts/protection_system.hwh	690403	3f23c35d37247f39307cced2d35993230a538bd2265685521259131a6e5f56f3	READY_AWARE_SYNTHETIC_DIGITAL_STIMULUS	CSIP-V2R3-BUILD-001	fb81a9a004bdcb900e5b678d8a424403aeafb602	8d46707a9670c170dbc08655269bd8ff635bed12	s1e_00879719d793	protection_system
artifact	LTX	<EXTERNAL_BUILD>/v/artifacts/protection_system.ltx	92913	7f7c67eb6851ebaa2e9b67d1efd79a7591cb375ab855eae8450393dc4110dc21	READY_AWARE_SYNTHETIC_DIGITAL_STIMULUS	CSIP-V2R3-BUILD-001	fb81a9a004bdcb900e5b678d8a424403aeafb602	8d46707a9670c170dbc08655269bd8ff635bed12	s1e_00879719d793	protection_system
report	TIMING_SUMMARY	<EXTERNAL_BUILD>/v/reports/timing_summary.rpt	113384	a54a08bb1bac0e016ca5cf11303feaf2da33b4c21d11bf36759d943fc89ac61b	READY_AWARE_SYNTHETIC_DIGITAL_STIMULUS	CSIP-V2R3-BUILD-001	fb81a9a004bdcb900e5b678d8a424403aeafb602	8d46707a9670c170dbc08655269bd8ff635bed12	s1e_00879719d793	protection_system
report	TIMING_PATH_GROUPS	<EXTERNAL_BUILD>/v/reports/timing_path_groups.rpt	2899279	66dab456b525c0d8291d97f0699fac80c2e082a87069b978e1734cd2b041003c	READY_AWARE_SYNTHETIC_DIGITAL_STIMULUS	CSIP-V2R3-BUILD-001	fb81a9a004bdcb900e5b678d8a424403aeafb602	8d46707a9670c170dbc08655269bd8ff635bed12	s1e_00879719d793	protection_system
report	CLOCK_INTERACTION	<EXTERNAL_BUILD>/v/reports/clock_interaction.rpt	4010	e1357d41e88dca7ccb2c94e388b919cdfe649a8eb400fc30bd9feae1458feedd	READY_AWARE_SYNTHETIC_DIGITAL_STIMULUS	CSIP-V2R3-BUILD-001	fb81a9a004bdcb900e5b678d8a424403aeafb602	8d46707a9670c170dbc08655269bd8ff635bed12	s1e_00879719d793	protection_system
report	CLOCKS_GENERATED_CLOCKS	<EXTERNAL_BUILD>/v/reports/clocks_generated_clocks.rpt	2248	68ab32f9d5753ac7d8c85e4dc0b265d6ee1060ea47c4d73898d7168d1a251609	READY_AWARE_SYNTHETIC_DIGITAL_STIMULUS	CSIP-V2R3-BUILD-001	fb81a9a004bdcb900e5b678d8a424403aeafb602	8d46707a9670c170dbc08655269bd8ff635bed12	s1e_00879719d793	protection_system
report	CONSTRAINT_COVERAGE	<EXTERNAL_BUILD>/v/reports/constraint_coverage.rpt	24731	7112e3b924cc786536e304a5dcef4a3f68b2eff20a9b95a9ba7fe14a072f6baf	READY_AWARE_SYNTHETIC_DIGITAL_STIMULUS	CSIP-V2R3-BUILD-001	fb81a9a004bdcb900e5b678d8a424403aeafb602	8d46707a9670c170dbc08655269bd8ff635bed12	s1e_00879719d793	protection_system
report	CHECK_TIMING	<EXTERNAL_BUILD>/v/reports/check_timing.rpt	3253	182b1fb275d13c4ef748542061e3da4640699d8e159e83dfc982e09bfc19a4a5	READY_AWARE_SYNTHETIC_DIGITAL_STIMULUS	CSIP-V2R3-BUILD-001	fb81a9a004bdcb900e5b678d8a424403aeafb602	8d46707a9670c170dbc08655269bd8ff635bed12	s1e_00879719d793	protection_system
report	TIMING_EXCEPTION_SOURCE	<EXTERNAL_BUILD>/v/reports/timing_exception_source.rpt	98893	56670c3af0459f638869f9c33fb960627063853b9eb95da3ba5fb45ad77799b8	READY_AWARE_SYNTHETIC_DIGITAL_STIMULUS	CSIP-V2R3-BUILD-001	fb81a9a004bdcb900e5b678d8a424403aeafb602	8d46707a9670c170dbc08655269bd8ff635bed12	s1e_00879719d793	protection_system
report	CONDITIONAL_BUS_SKEW	<EXTERNAL_BUILD>/v/reports/conditional_bus_skew.rpt	304628	0fafc32e6fbc198d8fde244a5055e3dd366e0c24882c2b03f4b72e7df376d305	READY_AWARE_SYNTHETIC_DIGITAL_STIMULUS	CSIP-V2R3-BUILD-001	fb81a9a004bdcb900e5b678d8a424403aeafb602	8d46707a9670c170dbc08655269bd8ff635bed12	s1e_00879719d793	protection_system
report	UTILIZATION	<EXTERNAL_BUILD>/v/reports/utilization.rpt	12662	8ebaeb635c639b8859214f2282e98dff34b044b8a643455d342aa5787c06bce6	READY_AWARE_SYNTHETIC_DIGITAL_STIMULUS	CSIP-V2R3-BUILD-001	fb81a9a004bdcb900e5b678d8a424403aeafb602	8d46707a9670c170dbc08655269bd8ff635bed12	s1e_00879719d793	protection_system
report	DRC	<EXTERNAL_BUILD>/v/reports/drc.rpt	5162	7897e5d64cc2e65c03919a019364f5b7dd500ed07fe377e33b3b1a6b4c84c606	READY_AWARE_SYNTHETIC_DIGITAL_STIMULUS	CSIP-V2R3-BUILD-001	fb81a9a004bdcb900e5b678d8a424403aeafb602	8d46707a9670c170dbc08655269bd8ff635bed12	s1e_00879719d793	protection_system
report	METHODOLOGY	<EXTERNAL_BUILD>/v/reports/methodology.rpt	10311	0b0c09e7004c3c52f3336238c2c0df3ccba8fc222725b5d3123c897752b63046	READY_AWARE_SYNTHETIC_DIGITAL_STIMULUS	CSIP-V2R3-BUILD-001	fb81a9a004bdcb900e5b678d8a424403aeafb602	8d46707a9670c170dbc08655269bd8ff635bed12	s1e_00879719d793	protection_system
report	CDC	<EXTERNAL_BUILD>/v/reports/cdc.rpt	66377	53e1ad659f611a84d817cd85c153c8efbc03507f7b68defadceafed25adc3d09	READY_AWARE_SYNTHETIC_DIGITAL_STIMULUS	CSIP-V2R3-BUILD-001	fb81a9a004bdcb900e5b678d8a424403aeafb602	8d46707a9670c170dbc08655269bd8ff635bed12	s1e_00879719d793	protection_system
report	MESSAGE_SOURCE	<EXTERNAL_BUILD>/v/reports/message_source.rpt	651	dbf8da8dbfaf3b157f384727a05aa2db7af72a24877897b95279428a81e173c2	READY_AWARE_SYNTHETIC_DIGITAL_STIMULUS	CSIP-V2R3-BUILD-001	fb81a9a004bdcb900e5b678d8a424403aeafb602	8d46707a9670c170dbc08655269bd8ff635bed12	s1e_00879719d793	protection_system
