utc_timestamp	state	detail
2026-09-10T03:00:21.0107001Z	PROCESS_STARTING	WINDOWS_COMMAND_INTERPRETER <EXTERNAL_PATH>
2026-09-10T03:00:21.0276235Z	PROCESS_STARTED	10360
2026-09-10T03:00:21.5171453Z	DESCENDANT_OBSERVED	48828
2026-09-10T03:00:21.9085581Z	DESCENDANT_OBSERVED	15620
2026-09-10T03:00:33.3692813Z	DESCENDANT_OBSERVED	48420
2026-09-10T03:00:34.8320909Z	DESCENDANT_OBSERVED	44172
2026-09-10T03:00:35.5064051Z	DESCENDANT_OBSERVED	49104
2026-09-10T03:01:22.5721821Z	DESCENDANT_OBSERVED	49064
2026-09-10T03:01:23.5038472Z	DESCENDANT_OBSERVED	44188
2026-09-10T03:01:24.5921705Z	DESCENDANT_OBSERVED	40884
2026-09-10T03:01:27.2597246Z	DESCENDANT_OBSERVED	48176
2026-09-10T03:01:27.8977169Z	DESCENDANT_OBSERVED	48696
2026-09-10T03:01:28.5126936Z	DESCENDANT_OBSERVED	48124
2026-09-10T03:01:28.5131289Z	DESCENDANT_OBSERVED	49044
2026-09-10T03:01:28.6715455Z	DESCENDANT_OBSERVED	46720
2026-09-10T03:01:29.2974920Z	DESCENDANT_OBSERVED	48336
2026-09-10T03:01:40.6054583Z	DESCENDANT_OBSERVED	28440
2026-09-10T03:01:41.2241838Z	DESCENDANT_OBSERVED	47320
2026-09-10T03:01:59.8393752Z	DESCENDANT_OBSERVED	50048
2026-09-10T03:01:59.8399073Z	DESCENDANT_OBSERVED	50068
2026-09-10T03:01:59.9940087Z	DESCENDANT_OBSERVED	50112
2026-09-10T03:02:00.6232200Z	DESCENDANT_OBSERVED	17996
2026-09-10T03:02:12.7957587Z	DESCENDANT_OBSERVED	49616
2026-09-10T03:02:13.5822963Z	DESCENDANT_OBSERVED	49820
2026-09-10T03:02:52.4429112Z	DESCENDANT_OBSERVED	21480
2026-09-10T03:02:52.4433565Z	DESCENDANT_OBSERVED	49868
2026-09-10T03:02:52.5979020Z	DESCENDANT_OBSERVED	48612
2026-09-10T03:02:53.3755055Z	DESCENDANT_OBSERVED	42600
2026-09-10T03:03:04.7156288Z	DESCENDANT_OBSERVED	33516
2026-09-10T03:03:05.3371962Z	DESCENDANT_OBSERVED	14232
2026-09-10T03:03:24.7767154Z	DESCENDANT_OBSERVED	25108
2026-09-10T03:03:24.9335077Z	DESCENDANT_OBSERVED	48464
2026-09-10T03:03:24.9341630Z	DESCENDANT_OBSERVED	49724
2026-09-10T03:03:25.7119982Z	DESCENDANT_OBSERVED	17796
2026-09-10T03:03:36.6954230Z	DESCENDANT_OBSERVED	46660
2026-09-10T03:03:37.3224477Z	DESCENDANT_OBSERVED	48856
2026-09-10T03:04:05.3288435Z	DESCENDANT_OBSERVED	2244
2026-09-10T03:04:05.3292276Z	DESCENDANT_OBSERVED	48152
2026-09-10T03:04:05.4981554Z	DESCENDANT_OBSERVED	49440
2026-09-10T03:04:05.9951656Z	DESCENDANT_OBSERVED	46716
2026-09-10T03:04:17.1664243Z	DESCENDANT_OBSERVED	49476
2026-09-10T03:04:17.8103120Z	DESCENDANT_OBSERVED	44232
2026-09-10T03:04:36.5367673Z	DESCENDANT_OBSERVED	6000
2026-09-10T03:04:36.5372502Z	DESCENDANT_OBSERVED	44876
2026-09-10T03:04:36.6939182Z	DESCENDANT_OBSERVED	44244
2026-09-10T03:04:50.0506631Z	DESCENDANT_OBSERVED	48984
2026-09-10T03:05:50.2612433Z	DESCENDANT_OBSERVED	48744
2026-09-10T03:05:50.4175236Z	DESCENDANT_OBSERVED	44684
2026-09-10T03:05:50.4180159Z	DESCENDANT_OBSERVED	50120
2026-09-10T03:05:51.1986239Z	DESCENDANT_OBSERVED	49896
2026-09-10T03:06:02.2050988Z	DESCENDANT_OBSERVED	29380
2026-09-10T03:06:03.0447111Z	DESCENDANT_OBSERVED	41224
2026-09-10T03:06:23.7032470Z	DESCENDANT_OBSERVED	37260
2026-09-10T03:06:23.7036801Z	DESCENDANT_OBSERVED	48916
2026-09-10T03:06:23.8595686Z	DESCENDANT_OBSERVED	46512
2026-09-10T03:06:24.4984372Z	DESCENDANT_OBSERVED	45324
2026-09-10T03:06:36.5804793Z	DESCENDANT_OBSERVED	48532
2026-09-10T03:06:37.3635297Z	DESCENDANT_OBSERVED	50136
2026-09-10T03:07:26.3643554Z	DESCENDANT_OBSERVED	49084
2026-09-10T03:07:26.3647421Z	DESCENDANT_OBSERVED	49260
2026-09-10T03:07:26.5171130Z	DESCENDANT_OBSERVED	49964
2026-09-10T03:07:27.1554792Z	DESCENDANT_OBSERVED	39028
2026-09-10T03:07:38.8176890Z	DESCENDANT_OBSERVED	47596
2026-09-10T03:07:56.7245352Z	DESCENDANT_OBSERVED	12912
2026-09-10T03:07:56.7250770Z	DESCENDANT_OBSERVED	21244
2026-09-10T03:07:57.5041646Z	DESCENDANT_OBSERVED	49112
2026-09-10T03:08:12.1315025Z	DESCENDANT_OBSERVED	49316
2026-09-10T03:08:34.9964327Z	DESCENDANT_OBSERVED	40528
2026-09-10T03:08:35.1524598Z	DESCENDANT_OBSERVED	42940
2026-09-10T03:08:35.1528684Z	DESCENDANT_OBSERVED	47136
2026-09-10T03:08:36.2627761Z	DESCENDANT_OBSERVED	21120
2026-09-10T03:08:37.2049597Z	DESCENDANT_OBSERVED	48512
2026-09-10T03:08:38.3040519Z	DESCENDANT_OBSERVED	49276
2026-09-10T03:08:39.3973202Z	DESCENDANT_OBSERVED	15196
2026-09-10T03:08:40.4935803Z	DESCENDANT_OBSERVED	12192
2026-09-10T03:08:40.9626711Z	DESCENDANT_OBSERVED	48752
2026-09-10T03:08:41.7454215Z	DESCENDANT_OBSERVED	3712
2026-09-10T03:08:41.7459234Z	DESCENDANT_OBSERVED	48472
2026-09-10T03:08:46.7729431Z	DESCENDANT_OBSERVED	50012
2026-09-10T03:08:47.5577654Z	DESCENDANT_OBSERVED	49508
2026-09-10T03:09:13.2637010Z	DESCENDANT_OBSERVED	48188
2026-09-10T03:09:14.3655618Z	DESCENDANT_OBSERVED	44240
2026-09-10T03:09:15.3083714Z	DESCENDANT_OBSERVED	45596
2026-09-10T03:09:16.4358875Z	DESCENDANT_OBSERVED	49220
2026-09-10T03:09:20.3952290Z	DESCENDANT_OBSERVED	44940
2026-09-10T03:09:21.0204620Z	DESCENDANT_OBSERVED	48988
2026-09-10T03:09:33.4785613Z	DESCENDANT_OBSERVED	49256
2026-09-10T03:09:34.1191109Z	DESCENDANT_OBSERVED	49816
2026-09-10T03:09:34.2763175Z	DESCENDANT_OBSERVED	49336
2026-09-10T03:09:34.2766970Z	DESCENDANT_OBSERVED	49916
2026-09-10T03:09:35.0581356Z	DESCENDANT_OBSERVED	46736
2026-09-10T03:09:46.4631936Z	DESCENDANT_OBSERVED	31200
2026-09-10T03:09:47.1403493Z	DESCENDANT_OBSERVED	49156
2026-09-10T03:10:32.1227225Z	DESCENDANT_OBSERVED	46260
2026-09-10T03:10:32.7646772Z	DESCENDANT_OBSERVED	30924
2026-09-10T03:10:32.7650584Z	DESCENDANT_OBSERVED	42976
2026-09-10T03:10:42.9775903Z	DESCENDANT_OBSERVED	11668
2026-09-10T03:10:43.6192250Z	DESCENDANT_OBSERVED	28676
2026-09-10T03:11:22.1049145Z	DESCENDANT_OBSERVED	49148
2026-09-10T03:11:22.5729615Z	DESCENDANT_OBSERVED	3088
2026-09-10T03:11:23.3537130Z	DESCENDANT_OBSERVED	46700
2026-09-10T03:11:23.3541586Z	DESCENDANT_OBSERVED	48872
2026-09-10T03:11:33.4003621Z	DESCENDANT_OBSERVED	42548
2026-09-10T03:11:34.1805048Z	DESCENDANT_OBSERVED	45048
2026-09-10T03:12:27.5782287Z	DESCENDANT_OBSERVED	21476
2026-09-10T03:12:28.3569679Z	DESCENDANT_OBSERVED	18580
2026-09-10T03:12:28.9906754Z	DESCENDANT_OBSERVED	49264
2026-09-10T03:12:29.1444437Z	DESCENDANT_OBSERVED	44828
2026-09-10T03:12:39.1641499Z	DESCENDANT_OBSERVED	47296
2026-09-10T03:12:39.9423794Z	DESCENDANT_OBSERVED	14184
2026-09-10T03:13:31.1445832Z	DESCENDANT_OBSERVED	47216
2026-09-10T03:13:31.3027920Z	DESCENDANT_OBSERVED	25748
2026-09-10T03:13:31.4554267Z	DESCENDANT_OBSERVED	37628
2026-09-10T03:13:33.1739916Z	DESCENDANT_OBSERVED	16868
2026-09-10T03:13:33.6402238Z	DESCENDANT_OBSERVED	48384
2026-09-10T03:13:33.7967914Z	DESCENDANT_OBSERVED	47392
2026-09-10T03:13:33.9464667Z	DESCENDANT_OBSERVED	30420
2026-09-10T03:13:35.1882593Z	DESCENDANT_OBSERVED	28444
2026-09-10T03:13:35.6575058Z	DESCENDANT_OBSERVED	17020
2026-09-10T03:13:36.9062922Z	DESCENDANT_OBSERVED	45456
2026-09-10T03:13:38.0117127Z	DESCENDANT_OBSERVED	22892
2026-09-10T03:13:43.1525385Z	DESCENDANT_OBSERVED	13804
2026-09-10T03:13:43.3094251Z	DESCENDANT_OBSERVED	47092
2026-09-10T03:13:43.4664139Z	DESCENDANT_OBSERVED	48832
2026-09-10T03:13:43.6369269Z	DESCENDANT_OBSERVED	30440
2026-09-10T03:13:44.6624197Z	PROCESS_TERMINAL	COMPLETED
