ordinal	report_role	state	path	bytes	sha256	reason
1	TIMING_SUMMARY	COLLECTED	<EXTERNAL_BUILD>/v/reports/timing_summary.rpt	113402	547cfeaa5f5d1053c9fc516b29f940cae23ece6e44cf12704d2ac42262aeba28	NONE
2	TIMING_PATH_GROUPS	COLLECTED	<EXTERNAL_BUILD>/v/reports/timing_path_groups.rpt	2899301	f536d5a558017780f4ce9f52333e3cd35896cb836a4d180cba815574fbc815bc	NONE
3	CLOCK_INTERACTION	COLLECTED	<EXTERNAL_BUILD>/v/reports/clock_interaction.rpt	4028	0fa2ca904bddeb92163ae87b425c20d5fd8c2f21e3d722eb9e2ad3d4fed13382	NONE
4	CLOCKS_GENERATED_CLOCKS	COLLECTED	<EXTERNAL_BUILD>/v/reports/clocks_generated_clocks.rpt	2266	9d5d1ec0035bf87f7dfcfd3b1af22beec7e6520f2091d543f742130f2456fdab	NONE
5	CONSTRAINT_COVERAGE	COLLECTED	<EXTERNAL_BUILD>/v/reports/constraint_coverage.rpt	24749	b1cc25b08f9222adcd73a73641e52630cb95783e479248e0313ab83efac36735	NONE
6	CHECK_TIMING	COLLECTED	<EXTERNAL_BUILD>/v/reports/check_timing.rpt	3271	02bfbefe973c704f3afcc5b3adff20d1d23e5eba062c12f46d7c7c1cb645235d	NONE
7	TIMING_EXCEPTION_SOURCE	COLLECTED	<EXTERNAL_BUILD>/v/reports/timing_exception_source.rpt	98911	f6b571c2045a69b2704fd5e405d86ef5f3f75f0c2d23bbebf1484b6796e55cf1	NONE
8	CONDITIONAL_BUS_SKEW	COLLECTED	<EXTERNAL_BUILD>/v/reports/conditional_bus_skew.rpt	304646	237fe85f5fb4233298fe66fc0e3d44371cd3098aa352a9040e40d7d25a39d3b6	NONE
9	UTILIZATION	COLLECTED	<EXTERNAL_BUILD>/v/reports/utilization.rpt	12680	61276f5c52a65e930865e466e8d696f466a45058ede07f16a61fec0844779f65	NONE
10	DRC	COLLECTED	<EXTERNAL_BUILD>/v/reports/drc.rpt	5180	89a027745ecdf9d3de5dc9f1166246f7c6a49c9d5dd452b43678ea35db600cae	NONE
11	METHODOLOGY	COLLECTED	<EXTERNAL_BUILD>/v/reports/methodology.rpt	10401	fb56c1e1b2fc618456addd9e105033632737c4f0a3fe67a4e2628393e0fc8c99	NONE
12	CDC	COLLECTED	<EXTERNAL_BUILD>/v/reports/cdc.rpt	66395	e9c81390e121981570f75a0f2e6cfc80a47adf9a4ba310ac4d9fa09937c718d5	NONE
13	MESSAGE_SOURCE	COLLECTED	<EXTERNAL_BUILD>/v/reports/message_source.rpt	651	dbf8da8dbfaf3b157f384727a05aa2db7af72a24877897b95279428a81e173c2	NONE
