NAME	GROUP	FIXTURE	TARGET	SHA256	COVERAGE	ICARUS	XSIM
FAULT_VALID_USED_AS_EVAL_VALID	PREVIOUS	policy	rtl/fault_classifier.v	57f701bfd5f823b24ad6ea3218d6db199fe68c217829f07c3f5f64d222fa48c5	fault_valid used as eval_valid	KILLED_RUNTIME	KILLED_RUNTIME
ZERO_BITMAP_EVALUATION_DROPPED	PREVIOUS	policy	rtl/protection_fsm.v	0cd7122befe3f4de18acdcd69fcc2a1b1e0cb6d6808e0f5a62464efba2ceda8c	zero-bitmap evaluation dropped	KILLED_RUNTIME	KILLED_RUNTIME
MISSING_EVALUATION	PREVIOUS	policy	rtl/fault_classifier.v	7afe1ca03de3991f61b2f044db5b01d89b48b30700343816f63cee6c83badc16	missing evaluation	KILLED_RUNTIME	KILLED_RUNTIME
DUPLICATE_EVALUATION	PREVIOUS	policy	rtl/fault_classifier.v	46b02e93676eda549fc29694ffb63aec2edf13960e1b4229aeec27748668d6f0	duplicate evaluation	KILLED_RUNTIME	KILLED_RUNTIME
SEQUENCE_MISALIGNMENT	PREVIOUS	policy	rtl/fault_classifier.v	a6a8b1fbe39fa9b8a9beecc434ea011ac49045552771d565afc65f7024f4cdd8	sequence misalignment	KILLED_RUNTIME	KILLED_RUNTIME
BITMAP_MISALIGNMENT	PREVIOUS	policy	rtl/fault_classifier.v	d802b0c37fc2de711500870ade7f6902197fc621992d9576b4742d69f52fa5a7	bitmap misalignment	KILLED_RUNTIME	KILLED_RUNTIME
CODE_MISALIGNMENT	PREVIOUS	policy	rtl/fault_classifier.v	2c51236ae0ec381f6146196afb78cacbfd1083756dbeb7a9ca54efcf9128a204	code misalignment	KILLED_RUNTIME	KILLED_RUNTIME
INTEGRITY_MISALIGNMENT	PREVIOUS	policy	rtl/fault_classifier.v	81f18d9e89ad6880aecf3dda84bafe23b5a063a6b99ad4bbbcf29f6e7f6c4aeb	integrity misalignment	KILLED_RUNTIME	KILLED_RUNTIME
FIRST_CODE_OVERWRITTEN	PREVIOUS	policy	rtl/protection_fsm.v	6caf2bfa0ad417198e907442862417391402749b68e41e78910d161aff9664ee	first code overwritten	KILLED_RUNTIME	KILLED_RUNTIME
FIRST_BITMAP_OVERWRITTEN	PREVIOUS	policy	rtl/protection_fsm.v	5f9cdee4bc75895e4ba61217c95d5017bcddf62870fce9f0cba4ff182f5fb0a9	first bitmap overwritten	KILLED_RUNTIME	KILLED_RUNTIME
SEEN_BITMAP_ASSIGNED	PREVIOUS	policy	rtl/protection_fsm.v	a34e256bf2fe47ab2fd56c550537019e45f505efc46ffac48e7b9da91aff18a0	seen bitmap assigned instead of ORed	KILLED_RUNTIME	KILLED_RUNTIME
PERSISTENT_FAULT_RETRIGGER	PREVIOUS	policy	rtl/protection_fsm.v	814b588c97706c72f395eed5cb7c5e9e5cf66f9bfc8b82a66a6a80240da79001	persistent retrigger	KILLED_RUNTIME	KILLED_RUNTIME
PRIORITY_REVERSAL	PREVIOUS	policy	rtl/fault_classifier.v	e3d4ce5b72df5e10e5e66bfd88309532958fe9a98b619fe62dc62667292d50d3	priority reversal	KILLED_RUNTIME	KILLED_RUNTIME
SIMULTANEOUS_BITMAP_DISCARDED	PREVIOUS	policy	rtl/fault_classifier.v	9203ed950422c6f62f39240a7c8ecc1c4004112ba8ddfd5dded86d17af3f85f3	simultaneous bitmap discarded	KILLED_RUNTIME	KILLED_RUNTIME
STALE_LIVE_BITMAP_ACCEPTS_CLEAR	PREVIOUS	policy	rtl/protection_fsm.v	7eb60a351a8f7d3fac6a63ec2b186dd90ceda795cb1f909e0e21538be84a0841	stale live bitmap accepts clear	KILLED_RUNTIME	KILLED_RUNTIME
GLOBAL_PIPELINE_EMPTY_CLEAR	PREVIOUS	policy	rtl/protection_fsm.v	152db76cfc4c00b34c5bc6ebf5fb834e859eb2b1719cb764ea313c1b54124c71	global pipeline-empty clear	KILLED_RUNTIME	KILLED_RUNTIME
HISTORICAL_EVAL_RESOLVES_NEW_CLEAR	PREVIOUS	policy	rtl/protection_fsm.v	61e3f704e8f03d9c4ca1b56dd2f570d972e5563232a0160c806cca3627fc4df6	pre-request retiring evaluation resolves new clear	KILLED_RUNTIME	KILLED_RUNTIME
SAME_EDGE_EVAL_RESOLVES_NEW_CLEAR	PREVIOUS	policy	rtl/protection_fsm.v	f15c06a30991c6e55bd22e20d82309197c871760a9a4245d0f2217692172914b	same-edge evaluation resolves new clear	KILLED_RUNTIME	KILLED_RUNTIME
FAULT_CLEAR_ACCEPTED	PREVIOUS	policy	rtl/protection_fsm.v	c277009263946e3665de57ff357510562a963e40f14e9b154298b09a7c58195d	fault clear accepted	KILLED_RUNTIME	KILLED_RUNTIME
NONCLEAN_CLEAR_ACCEPTED	PREVIOUS	policy	rtl/protection_fsm.v	167317371acedcad7a8dc1313aa50a30c61c344c013646b2e814be70d6def0ac	non-clean clear accepted	KILLED_RUNTIME	KILLED_RUNTIME
CLEAR_RESOLUTION_RELEASES_SAFE	PREVIOUS	policy	rtl/protection_fsm.v	f6b8ba00d5f596724f434919e798d9ec30026eec6b195e5b16ba3e8921d8ec00	clear resolution releases safe	KILLED_RUNTIME	KILLED_RUNTIME
CLEAR_RESOLUTION_ARMS	PREVIOUS	policy	rtl/protection_fsm.v	e647bcaf15c6eea423d57e0e291367acdde23a979880001c9be2f6a57642eb6b	clear resolution also arms	KILLED_RUNTIME	KILLED_RUNTIME
SOURCE_REMOVAL_AUTO_CLEARS	PREVIOUS	policy	rtl/protection_fsm.v	58455dbf029f49648bfb78550de340e54dd5914212c9f746cbb0077d3d94f3c7	source removal auto-clears	KILLED_RUNTIME	KILLED_RUNTIME
RESET_FAILS_TO_CLEAR_PENDING	PREVIOUS	policy	rtl/protection_fsm.v	f49fe6ea604a15b359891f2dd5378dd8517914e0bfc2a243c9394f6ce35d4d8e	reset fails to flush	KILLED_RUNTIME	KILLED_RUNTIME
PRE_RESET_RETIREMENT_LEAKS	PREVIOUS	policy	rtl/fault_classifier.v	6fb817b1fbb015d1d353020ccd75341dce5a03d79d927439b2565f808f433a9a	pre-reset retirement leaks	KILLED_RUNTIME	KILLED_RUNTIME
DELAYED_SOURCE_COUNTER_GATES_POLICY	PREVIOUS	production	rtl/protection_ip_top_async_adc_axi_lite.v	f9604a18dcd7aab30d6bd43a0082ab79e62ae26c7457f21b45c29f06a7cc39e4	delayed source counter gates policy	KILLED_RUNTIME	KILLED_RUNTIME
W1C_STICKY_GATES_POLICY	PREVIOUS	production	rtl/protection_ip_top_async_adc_axi_lite.v	92ced6486baa7e552942762fac41cbd32b003e3f91e7163b2b7e4803d9fcc472	W1C sticky gates policy	KILLED_RUNTIME	KILLED_RUNTIME
NORMALIZED_TELEMETRY_GATES_POLICY	PREVIOUS	production	rtl/protection_ip_top_async_adc_axi_lite.v	2ebaff0761a9e780732f2a4d961a94fc971a63729b7d2177d485d3ae156ec719	normalized telemetry gates policy	KILLED_RUNTIME	KILLED_RUNTIME
PUBLIC_LATCH_CLEARS_ON_CLEAR_ACCEPTANCE	RECOVERY	production	rtl/protection_fsm.v	f0e9de4b7a8def2ff590ea849bbf72bbdcbf8c96adae741f5b5e9d8cc96ce938	public latch clears on clear acceptance	KILLED_RUNTIME	KILLED_RUNTIME
PUBLIC_CODE_CLEARS_ON_CLEAR_ACCEPTANCE	RECOVERY	production	rtl/protection_fsm.v	0878e97116bf4444072e75eeb2c290641920143f398c98124686040669b89a3c	public code clears on clear acceptance	KILLED_RUNTIME	KILLED_RUNTIME
POST_CLEAR_RESET_WAIT_REPORTS_RECOVERED	RECOVERY	production	rtl/protection_fsm.v	2d7532fcadcde2c531afdbbf20675ad9f2e54ec25e7efd3e74828274837269d0	post-clear RESET_WAIT reports recovery verified	KILLED_RUNTIME	KILLED_RUNTIME
NO_SAMPLE_DROPS_COMPATIBILITY_LATCH	RECOVERY	production	rtl/protection_fsm.v	c5cfda57b1b74b3cee35b87e86aa24a50326762c8c72c5f2fb755daf89618983	no-sample state drops compatibility latch	KILLED_RUNTIME	KILLED_RUNTIME
NONCLEAN_DROPS_COMPATIBILITY_LATCH	RECOVERY	production	rtl/protection_fsm.v	c0fa36867a89dd072acd0dacd72c5633dee86fa6aa879526e4b434b6a04456d7	non-clean evaluation drops compatibility latch	KILLED_RUNTIME	KILLED_RUNTIME
LATER_HEALTHY_FAILS_TO_CLEAR_COMPATIBILITY_STATUS	RECOVERY	production	rtl/protection_fsm.v	e1a94a41ad77798ff6341b955369be6477a6a0623b5b09b47dd867326d59236e	later healthy fails to clear compatibility status	KILLED_RUNTIME	KILLED_RUNTIME
NEW_FAULT_BEFORE_REARM_FAILS_TO_REPLACE_PUBLIC_CODE	RECOVERY	production	rtl/protection_fsm.v	b7f434d7cc9a4bb339bdbfa096d2ce6f6a28b781f086efcd3ca98c23213bdeb4	new fault before re-arm fails to replace public code	KILLED_RUNTIME	KILLED_RUNTIME
AXI_STATUS_WIRED_TO_INTERNAL_EPISODE_ACTIVE	RECOVERY	production	rtl/protection_ip_top_reg_controlled.v	d50aff30240626d6c980249d92495257cf7810863105de472b0a7d411c6aba08	AXI status wired to internal episode-active state	KILLED_RUNTIME	KILLED_RUNTIME
